id,use_case,wer,cer,substitutions,insertions,deletions,hits,gold_token_count,asr_token_count,length_ratio,insertion_rate,repetition_ratio,short_call_hallucination,repetition_burst,repetition_run,hallucination_candidate,gold_polarity,asr_polarity,gold_quantities,missing_quantities,quantity_preserved,entity_mentions,entity_failures,entity_script_variants,proper_noun_failure_flag
2f5a58b5-3467-45cf-a57a-70c4ae0165ae,admissions / lead qualification,0.5625,0.384297520661157,11,15,1,36,48,62,1.29,0.403,0.0,False,False,,False,affirmative,affirmative,eight,,True,2,0,1,False
ebbb8d49-de7b-4d30-a845-ef68c74a980a,b2b sales outreach,0.4,0.42105263157894735,3,3,0,12,15,18,1.2,0.333,0.0,False,False,,False,"affirmative,negative","affirmative,negative",bottles,,True,1,0,1,False
5a7d6b58-8e53-4c52-8f96-0166236e8e0a,verification call,0.863013698630137,0.7920792079207921,18,1,107,21,146,40,0.27,0.325,0.0,False,False,,False,"affirmative,negative","affirmative,negative","चार,चार","चार,चार",False,3,3,0,True
c5586005-1416-4104-bd79-341d76bc6e8c,b2b sales outreach,0.0,0.0,0,0,0,2,2,2,1.0,0.0,0.0,False,False,,False,,,,,True,0,0,0,False
7d743b92-bd32-4e39-afd4-a9da3b3c52bd,ecommerce support,0.5,0.46153846153846156,0,1,0,2,2,3,1.5,0.333,0.0,True,False,,True,,,,,True,0,0,0,False
e6a45e58-9fec-4691-8f2d-3b2ba5ad45d8,ecommerce support,1.4,1.95,3,4,0,2,5,9,1.8,0.667,0.667,True,True,नीतिया,True,"affirmative,negative","affirmative,negative",,,True,1,1,0,True
685ebfb1-06f5-4043-8443-b3390789e333,ecommerce support,1.3333333333333333,1.0833333333333333,2,2,0,1,3,5,1.67,0.8,0.0,True,False,,True,"affirmative,negative","affirmative,negative",,,True,0,0,0,False
3c11aa34-2123-4df6-a567-2c23e7272953,ecommerce support,0.8,0.6896551724137931,4,0,0,1,5,5,1.0,0.8,0.8,False,True,तेलुगु,True,,,,,True,1,0,0,False
a2632186-df70-44d4-a573-c7fdfa9024db,b2b sales outreach,0.3333333333333333,0.2857142857142857,1,0,0,2,3,3,1.0,0.333,0.0,False,False,,False,"affirmative,negative",negative,,,True,0,0,0,False
20579a98-2cf2-4e8e-9df2-4e06b5d25d86,b2b sales outreach,0.3333333333333333,0.35294117647058826,1,0,0,2,3,3,1.0,0.333,0.0,False,False,,False,negative,negative,,,True,0,0,0,False
31fb72e8-80a7-47d2-a608-eadb0249953c,ecommerce support,1.8333333333333333,1.5172413793103448,0,11,0,6,6,17,2.83,0.647,0.0,True,False,,True,affirmative,affirmative,,,True,0,0,0,False
607cbd35-a1f3-4560-9dc7-0858e611b87f,b2b sales outreach,1.0,1.0434782608695652,4,2,0,2,6,8,1.33,0.75,0.0,False,False,,False,negative,negative,,,True,0,0,0,False
88d0e749-daf7-4f1f-90b3-a83b1e40cc5e,b2b sales outreach,0.8,0.6086956521739131,1,3,0,4,5,8,1.6,0.5,0.0,True,False,,True,,,,,True,0,0,0,False
130d7762-b4ee-48be-bc0f-8406a8c2ea3a,ecommerce support,0.2857142857142857,0.25,1,0,1,5,7,6,0.86,0.167,0.0,False,False,,False,affirmative,affirmative,,,True,0,0,0,False
1dfaac3f-15d2-4061-867e-87a74f461b8c,b2b sales outreach,0.75,0.3888888888888889,1,1,1,2,4,4,1.0,0.5,0.0,False,False,,False,affirmative,"affirmative,negative",,,True,0,0,0,False
0de04f5e-bbe8-40f8-a156-a2a8fc85ebee,ecommerce support,0.3142857142857143,0.2568306010928962,2,2,7,26,35,30,0.86,0.067,0.0,False,False,,False,"affirmative,negative",affirmative,,,True,0,0,0,False
47629b83-b3af-4492-bc4a-5a6aa0a2aa8e,b2b sales outreach,0.46226415094339623,0.3551587301587302,14,31,4,88,106,133,1.25,0.331,0.0,False,False,,False,affirmative,affirmative,,,True,2,1,0,True
6d43f318-0e7b-4421-af94-ffc769cd99c3,ecommerce support,0.6637931034482759,0.5890151515151515,9,7,61,46,116,62,0.53,0.194,0.0,False,False,,False,"affirmative,negative","affirmative,negative","forty six,forty six,forty six,forty six",,True,0,0,0,False
f87b3e49-f5ad-4662-bfd0-16a5a833a146,ecommerce support,0.47058823529411764,0.3227848101265823,21,8,3,44,68,73,1.07,0.37,0.0,False,False,,False,"affirmative,negative","affirmative,negative",,,True,1,0,1,False
9485d29f-f572-4556-8cd3-c9bc0c53be91,ecommerce support,0.5454545454545454,0.5517241379310345,1,5,0,10,11,16,1.45,0.375,0.188,False,True,yes,True,"affirmative,negative","affirmative,negative",,,True,0,0,0,False
7eb5f02c-881a-4d70-beaf-c68bcb2e8c22,b2b sales outreach,0.6666666666666666,0.8382352941176471,3,7,0,12,15,22,1.47,0.455,0.136,False,False,hello,False,negative,negative,do,,True,0,0,0,False
bc750d0d-ba91-4aac-935a-0ada6447900a,ecommerce support,0.5714285714285714,0.425531914893617,6,5,1,14,21,25,1.19,0.44,0.0,False,False,,False,"affirmative,negative","affirmative,negative",,,True,0,0,0,False
1a82be4c-c36b-4f91-adac-8648f237ef43,b2b sales outreach,0.38461538461538464,0.27692307692307694,2,3,0,11,13,16,1.23,0.312,0.062,False,False,hello,False,negative,negative,,,True,0,0,0,False
963cce78-ad9a-45e5-98c3-962a24bdb7bb,admissions / lead qualification,0.7157894736842105,0.6466809421841542,3,5,60,32,95,40,0.42,0.15,0.0,False,False,,False,"affirmative,negative","affirmative,negative","eighty five percentage,seventy five percentage",,True,3,2,0,True
6400c588-c623-472c-b097-4bb03d6edaf2,ecommerce support,0.47191011235955055,0.27735368956743,27,9,6,56,89,92,1.03,0.359,0.0,False,False,,False,"affirmative,negative","affirmative,negative",,,True,0,0,0,False
5d04b4b5-5615-4663-aa3a-fa231be34ccb,ecommerce support,0.5789473684210527,0.4888888888888889,3,8,0,16,19,27,1.42,0.37,0.0,False,False,,False,"affirmative,negative","affirmative,negative",,,True,0,0,0,False
c95edcdd-5ffe-4864-9722-3a88988365fd,b2b sales outreach,0.5833333333333334,0.5833333333333334,1,6,0,11,12,18,1.5,0.389,0.056,False,False,yes,False,affirmative,affirmative,,,True,2,1,0,True
ca20a6fe-6036-41e1-bf47-68a8205a4239,ecommerce support,0.8125,0.30864197530864196,6,5,2,8,16,19,1.19,0.579,0.0,False,False,,False,affirmative,affirmative,"fifty,fifty",,True,0,0,0,False
4ca9d7c5-29d4-43b9-b834-c70399fb1332,b2b sales outreach,0.7735849056603774,0.5633187772925764,15,24,2,36,53,75,1.42,0.48,0.0,False,False,,False,"affirmative,negative","affirmative,negative",दो,,True,0,0,0,False
a64ff8a2-38a3-4532-a7d7-ea42a87e541c,b2b sales outreach,0.9583333333333334,0.8865248226950354,2,0,21,1,24,3,0.12,0.667,0.0,False,False,,False,affirmative,,,,True,1,1,0,True
ae6caea0-a3b7-445d-a83e-6d02457af07b,b2b sales outreach,0.8823529411764706,0.6363636363636364,7,1,7,3,17,11,0.65,0.727,0.0,False,False,,False,,,,,True,0,0,0,False
7937b554-3541-461b-be76-1c7383fd267a,ecommerce support,0.8181818181818182,0.8490566037735849,0,9,0,11,11,20,1.82,0.45,0.1,False,False,जी maam,False,affirmative,affirmative,,,True,0,0,0,False
020e1147-dd6f-427f-9d53-5d40c658d66f,ecommerce support,0.9230769230769231,0.6379310344827587,5,7,0,8,13,20,1.54,0.6,0.0,False,False,,False,"affirmative,negative","affirmative,negative",दो,,True,0,0,0,False
2d9ac1d3-4e07-4de1-8815-1f0969fe4d3f,ecommerce support,0.6938775510204082,0.48523206751054854,13,18,3,33,49,64,1.31,0.453,0.0,False,False,,False,negative,"affirmative,negative",,,True,1,0,0,False
8043ee36-bd6f-412e-86b4-a1b983dc458a,b2b sales outreach,1.35,1.297872340425532,13,67,1,46,60,126,2.1,0.619,0.0,False,False,,False,,,,,True,0,0,0,False
df77107b-6531-4303-85eb-e56f056cc16e,ecommerce support,1.3,1.1058823529411765,7,18,1,12,20,37,1.85,0.676,0.081,False,False,ok,False,"affirmative,negative","affirmative,negative",,,True,0,0,0,False
9c328701-9884-459f-ab22-0103c76d3a52,b2b sales outreach,0.6086956521739131,0.3904761904761905,9,3,2,12,23,24,1.04,0.417,0.0,False,False,,False,negative,negative,,,True,0,0,0,False
d8676f59-e3d8-49c6-a135-3b77eda03e02,admissions / lead qualification,0.525,0.48068669527896996,5,15,1,34,40,54,1.35,0.37,0.056,False,False,university,False,affirmative,affirmative,,,True,2,1,0,True
59cc61e3-478d-45e7-9c52-d8f877375c9e,ecommerce support,0.6376811594202898,0.6201780415430267,9,33,2,58,69,100,1.45,0.42,0.0,False,False,,False,affirmative,affirmative,,,True,1,0,1,False
43b07a68-f6fb-4c99-8065-97d07f28f182,ecommerce support,0.75,0.3951612903225806,10,8,3,15,28,33,1.18,0.545,0.121,False,False,हां,False,"affirmative,negative","affirmative,negative",,,True,0,0,0,False
b2a6f783-90f7-4057-9d4c-ca589bd95034,ecommerce support,0.9,0.7804878048780488,3,4,2,5,10,12,1.2,0.583,0.0,False,False,,False,"affirmative,negative",affirmative,,,True,0,0,0,False
c1c6a53f-fd1e-428d-8198-22209c3e8082,verification call,0.7592592592592593,0.5316455696202531,28,12,1,25,54,65,1.2,0.585,0.062,False,False,हां,False,"affirmative,negative","affirmative,negative","six one,one","six one,one",False,3,2,0,True
6c605613-efd2-48e8-b080-8a086addf2a7,b2b sales outreach,0.8,0.711340206185567,5,0,11,4,20,9,0.45,0.556,0.0,False,False,,False,,,,,True,0,0,0,False
09c68660-7db4-4b5b-9a72-39a12f18c9bd,beverage order-taking,0.5151515151515151,0.3108974358974359,63,26,13,122,198,211,1.07,0.403,0.014,False,False,हां,False,affirmative,affirmative,"zero five two five,दो सौ ml छे bottle,दो सौ ml छे bottle,दो सौ ml बारह bottle,दो सौ ml,दो सौ ml एक case,एक case,दो litre,दो litre,bottle,दो litre,bottle,seven,two point two five litre तीन bottle,two point two five litre तीन bottle,two point two five litre तीन bottle,दो सौ ml,bottle,bottle,दो सौ ml,bottle,two hundred ml,two fifty ml,two fifty ml,एक case,पच्चीस,बारह bottle,बारह bottle,दो litre","दो सौ ml छे bottle,दो सौ ml छे bottle,दो litre,दो litre,दो litre,two point two five litre तीन bottle,two point two five litre तीन bottle,two point two five litre तीन bottle,दो litre",False,7,5,0,True
dd0bb7ca-015a-4bca-ac7f-42df781d3928,beverage order-taking,0.5227272727272727,0.327455919395466,29,11,6,53,88,93,1.06,0.419,0.011,False,False,no,False,"affirmative,negative","affirmative,negative","three one five,दो सौ ml,seven,दो सौ ml,six,seven,दो सौ ml six,दो,दो सौ ml","three one five,दो सौ ml six",False,4,0,0,False
8661511d-f289-4919-b2da-0b4f78726e1f,beverage order-taking,0.648,0.45210084033613446,44,34,3,78,125,156,1.25,0.481,0.0,False,False,,False,"affirmative,negative","affirmative,negative","two three zero six one five zero six one five,seven,two point two five लीटर एक case,seven fifty ml एक case,एक सौ पच्चीस ml,सवा लीटर चार case,one case,बीस bottle seven,सात सौ बारह bottle एक सौ पच्चीस ml,pack,सवा लीटर,एक case,सवा लीटर एक पचास","two point two five लीटर एक case,seven fifty ml एक case,एक सौ पच्चीस ml,सवा लीटर चार case,one case,बीस bottle seven,सात सौ बारह bottle एक सौ पच्चीस ml,pack,सवा लीटर एक पचास",False,5,1,0,True
a8afca71-9dd8-464c-9ebf-04933f58e4a4,beverage order-taking,0.7342342342342343,0.5599613152804642,86,73,4,132,222,291,1.31,0.478,0.021,False,False,एक minute,False,"affirmative,negative","affirmative,negative","zero six one five seven,two point two five litre,seven fifty ml,एक सौ पच्चीस ml,सवा litre,एक सौ पच्चीस ml,एक सौ पच्चीस ml seven,साढ़े सात सौ ml,seven,सवा दो litre एक case,साढ़े सात सौ ml एक case,एक bottle,एक case,चार case,सवा litre,चार case,एक case,बीस bottle,seven,साढ़े सात सौ ml बारह bottle,seven,दो litre,सवा litre,सवा litre half,बारह,pack,बारह,बारह,बारह,two fifty ml बारह,बारह,बारह,एक,बारह,बारह,बीस","two point two five litre,seven fifty ml,सवा litre,एक सौ पच्चीस ml seven,साढ़े सात सौ ml,सवा दो litre एक case,साढ़े सात सौ ml एक case,एक bottle,सवा litre,बीस bottle,साढ़े सात सौ ml बारह bottle,दो litre,सवा litre,सवा litre half,pack",False,6,2,1,True
33720198-f1f7-498b-915b-e836c5d61c5c,admissions / lead qualification,1.0,0.9285714285714286,0,5,0,5,5,10,2.0,0.5,0.0,True,False,,True,affirmative,affirmative,forty five percent,,True,0,0,0,False
2b184bcb-9a7a-4da5-9b06-f8b5ba1711fe,verification call,4.5,4.233333333333333,0,27,0,6,6,33,5.5,0.818,0.0,True,False,,True,,,,,True,0,0,0,False
