call_id,gold_token_count,asr_token_count,length_ratio,insertion_rate,repetition_ratio,short_call_hallucination,repetition_burst,repetition_run,hallucination_candidate,gold_polarity,asr_polarity,gold_quantities,missing_quantities
2f5a58b5-3467-45cf-a57a-70c4ae0165ae,48,62,1.29,0.403,0.0,False,False,,False,affirmative,affirmative,eight,
ebbb8d49-de7b-4d30-a845-ef68c74a980a,15,18,1.2,0.333,0.0,False,False,,False,"affirmative,negative","affirmative,negative",bottles,
5a7d6b58-8e53-4c52-8f96-0166236e8e0a,146,40,0.27,0.325,0.0,False,False,,False,"affirmative,negative","affirmative,negative","चार,चार","चार,चार"
c5586005-1416-4104-bd79-341d76bc6e8c,2,2,1.0,0.0,0.0,False,False,,False,,,,
7d743b92-bd32-4e39-afd4-a9da3b3c52bd,2,3,1.5,0.333,0.0,True,False,,True,,,,
e6a45e58-9fec-4691-8f2d-3b2ba5ad45d8,5,9,1.8,0.667,0.667,True,True,नीतिया,True,"affirmative,negative","affirmative,negative",,
685ebfb1-06f5-4043-8443-b3390789e333,3,5,1.67,0.8,0.0,True,False,,True,"affirmative,negative","affirmative,negative",,
3c11aa34-2123-4df6-a567-2c23e7272953,5,5,1.0,0.8,0.8,False,True,तेलुगु,True,,,,
a2632186-df70-44d4-a573-c7fdfa9024db,3,3,1.0,0.333,0.0,False,False,,False,"affirmative,negative",negative,,
20579a98-2cf2-4e8e-9df2-4e06b5d25d86,3,3,1.0,0.333,0.0,False,False,,False,negative,negative,,
31fb72e8-80a7-47d2-a608-eadb0249953c,6,17,2.83,0.647,0.0,True,False,,True,affirmative,affirmative,,
607cbd35-a1f3-4560-9dc7-0858e611b87f,6,8,1.33,0.75,0.0,False,False,,False,negative,negative,,
88d0e749-daf7-4f1f-90b3-a83b1e40cc5e,5,8,1.6,0.5,0.0,True,False,,True,,,,
130d7762-b4ee-48be-bc0f-8406a8c2ea3a,7,6,0.86,0.167,0.0,False,False,,False,affirmative,affirmative,,
1dfaac3f-15d2-4061-867e-87a74f461b8c,4,4,1.0,0.5,0.0,False,False,,False,affirmative,"affirmative,negative",,
0de04f5e-bbe8-40f8-a156-a2a8fc85ebee,35,30,0.86,0.067,0.0,False,False,,False,"affirmative,negative",affirmative,,
47629b83-b3af-4492-bc4a-5a6aa0a2aa8e,106,133,1.25,0.331,0.0,False,False,,False,affirmative,affirmative,,
6d43f318-0e7b-4421-af94-ffc769cd99c3,116,62,0.53,0.194,0.0,False,False,,False,"affirmative,negative","affirmative,negative","forty six,forty six,forty six,forty six",
f87b3e49-f5ad-4662-bfd0-16a5a833a146,68,73,1.07,0.37,0.0,False,False,,False,"affirmative,negative","affirmative,negative",,
9485d29f-f572-4556-8cd3-c9bc0c53be91,11,16,1.45,0.375,0.188,False,True,yes,True,"affirmative,negative","affirmative,negative",,
7eb5f02c-881a-4d70-beaf-c68bcb2e8c22,15,22,1.47,0.455,0.136,False,False,hello,False,negative,negative,do,
bc750d0d-ba91-4aac-935a-0ada6447900a,21,25,1.19,0.44,0.0,False,False,,False,"affirmative,negative","affirmative,negative",,
1a82be4c-c36b-4f91-adac-8648f237ef43,13,16,1.23,0.312,0.062,False,False,hello,False,negative,negative,,
963cce78-ad9a-45e5-98c3-962a24bdb7bb,95,40,0.42,0.15,0.0,False,False,,False,"affirmative,negative","affirmative,negative","eighty five percentage,seventy five percentage",
6400c588-c623-472c-b097-4bb03d6edaf2,89,92,1.03,0.359,0.0,False,False,,False,"affirmative,negative","affirmative,negative",,
5d04b4b5-5615-4663-aa3a-fa231be34ccb,19,27,1.42,0.37,0.0,False,False,,False,"affirmative,negative","affirmative,negative",,
c95edcdd-5ffe-4864-9722-3a88988365fd,12,18,1.5,0.389,0.056,False,False,yes,False,affirmative,affirmative,,
ca20a6fe-6036-41e1-bf47-68a8205a4239,16,19,1.19,0.579,0.0,False,False,,False,affirmative,affirmative,"fifty,fifty",
4ca9d7c5-29d4-43b9-b834-c70399fb1332,53,75,1.42,0.48,0.0,False,False,,False,"affirmative,negative","affirmative,negative",दो,
a64ff8a2-38a3-4532-a7d7-ea42a87e541c,24,3,0.12,0.667,0.0,False,False,,False,affirmative,,,
ae6caea0-a3b7-445d-a83e-6d02457af07b,17,11,0.65,0.727,0.0,False,False,,False,,,,
7937b554-3541-461b-be76-1c7383fd267a,11,20,1.82,0.45,0.1,False,False,जी maam,False,affirmative,affirmative,,
020e1147-dd6f-427f-9d53-5d40c658d66f,13,20,1.54,0.6,0.0,False,False,,False,"affirmative,negative","affirmative,negative",दो,
2d9ac1d3-4e07-4de1-8815-1f0969fe4d3f,49,64,1.31,0.453,0.0,False,False,,False,negative,"affirmative,negative",,
8043ee36-bd6f-412e-86b4-a1b983dc458a,60,126,2.1,0.619,0.0,False,False,,False,,,,
df77107b-6531-4303-85eb-e56f056cc16e,20,37,1.85,0.676,0.081,False,False,ok,False,"affirmative,negative","affirmative,negative",,
9c328701-9884-459f-ab22-0103c76d3a52,23,24,1.04,0.417,0.0,False,False,,False,negative,negative,,
d8676f59-e3d8-49c6-a135-3b77eda03e02,40,54,1.35,0.37,0.056,False,False,university,False,affirmative,affirmative,,
59cc61e3-478d-45e7-9c52-d8f877375c9e,69,100,1.45,0.42,0.0,False,False,,False,affirmative,affirmative,,
43b07a68-f6fb-4c99-8065-97d07f28f182,28,33,1.18,0.545,0.121,False,False,हां,False,"affirmative,negative","affirmative,negative",,
b2a6f783-90f7-4057-9d4c-ca589bd95034,10,12,1.2,0.583,0.0,False,False,,False,"affirmative,negative",affirmative,,
c1c6a53f-fd1e-428d-8198-22209c3e8082,54,65,1.2,0.585,0.062,False,False,हां,False,"affirmative,negative","affirmative,negative","six one,one","six one,one"
6c605613-efd2-48e8-b080-8a086addf2a7,20,9,0.45,0.556,0.0,False,False,,False,,,,
09c68660-7db4-4b5b-9a72-39a12f18c9bd,198,211,1.07,0.403,0.014,False,False,हां,False,affirmative,affirmative,"zero five two five,दो सौ ml छे bottle,दो सौ ml छे bottle,दो सौ ml बारह bottle,दो सौ ml,दो सौ ml एक case,एक case,दो litre,दो litre,bottle,दो litre,bottle,seven,two point two five litre तीन bottle,two point two five litre तीन bottle,two point two five litre तीन bottle,दो सौ ml,bottle,bottle,दो सौ ml,bottle,two hundred ml,two fifty ml,two fifty ml,एक case,पच्चीस,बारह bottle,बारह bottle,दो litre","दो सौ ml छे bottle,दो सौ ml छे bottle,दो litre,दो litre,दो litre,two point two five litre तीन bottle,two point two five litre तीन bottle,two point two five litre तीन bottle,दो litre"
dd0bb7ca-015a-4bca-ac7f-42df781d3928,88,93,1.06,0.419,0.011,False,False,no,False,"affirmative,negative","affirmative,negative","three one five,दो सौ ml,seven,दो सौ ml,six,seven,दो सौ ml six,दो,दो सौ ml","three one five,दो सौ ml six"
8661511d-f289-4919-b2da-0b4f78726e1f,125,156,1.25,0.481,0.0,False,False,,False,"affirmative,negative","affirmative,negative","two three zero six one five zero six one five,seven,two point two five लीटर एक case,seven fifty ml एक case,एक सौ पच्चीस ml,सवा लीटर चार case,one case,बीस bottle seven,सात सौ बारह bottle एक सौ पच्चीस ml,pack,सवा लीटर,एक case,सवा लीटर एक पचास","two point two five लीटर एक case,seven fifty ml एक case,एक सौ पच्चीस ml,सवा लीटर चार case,one case,बीस bottle seven,सात सौ बारह bottle एक सौ पच्चीस ml,pack,सवा लीटर एक पचास"
a8afca71-9dd8-464c-9ebf-04933f58e4a4,222,291,1.31,0.478,0.021,False,False,एक minute,False,"affirmative,negative","affirmative,negative","zero six one five seven,two point two five litre,seven fifty ml,एक सौ पच्चीस ml,सवा litre,एक सौ पच्चीस ml,एक सौ पच्चीस ml seven,साढ़े सात सौ ml,seven,सवा दो litre एक case,साढ़े सात सौ ml एक case,एक bottle,एक case,चार case,सवा litre,चार case,एक case,बीस bottle,seven,साढ़े सात सौ ml बारह bottle,seven,दो litre,सवा litre,सवा litre half,बारह,pack,बारह,बारह,बारह,two fifty ml बारह,बारह,बारह,एक,बारह,बारह,बीस","two point two five litre,seven fifty ml,सवा litre,एक सौ पच्चीस ml seven,साढ़े सात सौ ml,सवा दो litre एक case,साढ़े सात सौ ml एक case,एक bottle,सवा litre,बीस bottle,साढ़े सात सौ ml बारह bottle,दो litre,सवा litre,सवा litre half,pack"
33720198-f1f7-498b-915b-e836c5d61c5c,5,10,2.0,0.5,0.0,True,False,,True,affirmative,affirmative,forty five percent,
2b184bcb-9a7a-4da5-9b06-f8b5ba1711fe,6,33,5.5,0.818,0.0,True,False,,True,,,,
